name,location,latitude,longitude
365 Station,panipokhari,27.7295791,85.3250002
3D Art Restaurant,boudha| bus stop,27.7205111,85.3607865
4 Corners Detroit Style Pizza,sanepa,27.6878725,85.3081972
A Cafe,anamnagar,27.6996152,85.3287237
A Cafe,shiva chowk| gokarneshwor,27.7180773,85.3825713
A Cafe,teku,27.695042,85.309616
A One Cafe,boudha,27.720897,85.365949
A One Cafe,dhumbarahi| near sankha park,27.7170554,85.3363627
A One Cafe,nayabazar,27.7233728,85.3067764
A One Cafe Sekuwa & Burger House,sukedhara,27.7336941,85.3510924
A One Tajmahal Food Cafe,basundhara,27.7405168,85.3285554
Aakriti Tandoori Restaurant,bhatkeko pul,27.7182431,85.3386034
Aama Laphing And Keema Noodles,aloknagar,27.6942961,85.3289726
Ace Himalayan Cafe Restaurant & Bar,paknajol,27.7144522,85.3085426
Achaar Ghar,kamalpokhari,27.7113511,85.3232735
Achaar Ghar,kupondole,27.6853498,85.3187061
Aero Lounge & Bar,airport gate| sinamangal,27.7003804,85.3535084
Ageno Thakali & Momo Station,boudha,27.7204071,85.3601974
Ai La Lounge,kumaripati,27.6698874,85.3213629
Akabare Piro Jhol Momo,tankeshwor,27.7072823,85.3324552
Alchemy By Mahabir Palace,soltimode| kalimati,27.6976149,85.2921948
Alchemy Pizzeria,thamel| kathmandu,27.7160029,85.3101591
Alev Kebab Sultanate,tangal,27.7171155,85.3310389
Alice Restaurant,bakhundol,27.6815978,85.3174052
Alice Restaurant Durbar Marg,dubar marg,27.7118646,85.3174327
Alice Restaurant,gairidhara| kathmandu,27.7205067,85.3288192
Aloft Kathmandu,chhaya devi complex| thamel,27.715843,85.3132159
Amore Pizza,koteshwor,27.6789208,85.3424494
Anatolia ( Halal ),j.p. road| thamel,27.7119641,85.309666
Angan,baluwatar,27.7292073,85.3309152
Angan,boudha,27.7198356,85.3569022
Angan,gyaneshwor,27.7098287,85.327838
Angan,kumaripati,27.6949894,85.3252426
Angan,lazimpat,27.7203044,85.3190414
Angan,maharajgunj,27.7394365,85.3378678
Angan,new baneshwor| kathmandu,27.6888027,85.3341313
Angan,new road,27.6963052,85.322689
Angan,putalisadak,27.7052803,85.3226554
Angan,sanepa,27.6852999,85.3070033
Angan,tripureshwor,27.6915399,85.3164702
Annapurna Sweets & Fast Food,patan dhoka,27.6780606,85.3211818
Annyeong Chicken,saraswatinagar| chabahil,27.7230363,85.3490781
Annyeong Chicken Thamel,chaya center thamel,27.7154724,85.313231
Anupam Foodland,gaushala,27.7059946,85.3423218
Apricus Cafe,gahana pokhari,27.7162116,85.3325951
Ariya Cafe,boudha,27.7160322,85.3368761
Aroma Cafe,jamal,27.7088767,85.3148628
Atithi Multicuisine Restaurant,tokha,27.7459987,85.3236533
Atrium,jhamsikhel,27.6759602,85.3132197
Attic,gyaneshwor,27.7092059,85.3323841
Avocado Cafe,thirbum sadak| baluwatar| kathmandu,27.7229794,85.3310755
Avocado Cafe Thamel,bhagwanbahal thamel,27.7167835,85.3114886
B For Biryani,durbarmarg,27.7095986,85.3170607
Bagaicha,naxal,27.7203689,85.3315526
Bajeko Sekuwa,anamnagar| kathmandu,27.6975488,85.3285567
Bajeko Sekuwa,battisputali| kathmandu,27.7041645,85.3417737
Bajeko Sekuwa,budanilkantha,27.7717018,85.358506
Bajeko Sekuwa,gairidhara,27.7173709,85.3288818
Bajeko Sekuwa,sorhakhutte,27.7195729,85.3092004
Bajeko Sekuwa,sukedhara| kathmandu,27.7253044,85.3452489
Bajeko Sekuwa,bafal,27.7028747,85.2825013
Bajeko Sekuwa,jorpati,27.7213623,85.3718883
Bakes N Cakes,golfutar,27.7483523,85.3481733
Baking Flower,kharibot| kumarigal,27.7145404,85.3558257
Barrfi Sweets,baluwatar,27.7294414,85.3307795
Barrfi Sweets,khichapokhari | new road,27.7025354,85.3109983
Barrfi Sweets,kumaripati,27.6710856,85.3197312
Basil Cafe & Lounge,bg mall| gongabu,28.397455,84.1301506
Baskin Robbins,bhaisepati,27.6542217,85.3056243
Baskin Robbins Lazimpat,uttardhoka lazimpat,27.7192724,85.319269
Baskin Robbins Lounge,labim mall,27.6861772,85.3151004
Batuki Momo & Laphing Centre,jalpa chowk| baniyatar,27.7476784,85.3214586
Batuki Momo & Laphing Centre Dhapasi,dhapasi - 6 | greenland,27.7476612,85.3248109
Batuli Momo,baluwatar,27.718664,85.3341583
Bawarchi (Rolls & Biryani),babarmahal,27.6945703,85.3225688
Bawarchi Revisited,babarmahal| kathmandu,,
Bays,new baneswor,27.6941263,85.3365776
Beans And Barrels,tokha,27.7450886,85.3167153
Beans For Life,golfutar kathmandu,27.748061,85.3475941
Beer & Nuts,basantapur,27.7032583,85.3057248
Begining Restro,kapan| rudramati chowk,27.7119165,85.34716
Belgian Waffles,durbarmarg| kathmandu,27.6940439,85.3112866
Belgian Waffles,jhamsikhel,27.6777307,85.3097507
Bella Luna,mandal street| thamel,27.7154577,85.3105994
Bev Lounge By Indreni Suite Hotel,new baneshwor,27.6887567,85.3321088
Bfc : Bites Fried Chicken,kumaripati| lalitpur,27.6699489,85.3211838
Bhanjyang,tokha| dhapasi,27.782954,85.3255817
Bhetghat Cafe,tripureshwor bluebird mall,27.7074524,85.3353314
Bhetghat Restaurant,hanumanthan anamnagar| kathmandu,27.6940426,85.3278272
Bhetghat Restaurant,gairidhara,,
Bhojan Griha,dillibazar,27.7064375,85.3254375
Bhumi Restaurant & Bar,lazimpat,27.7243294,85.3228025
Bibek Curry House,j.p marga|thamel,27.7115487,85.3089439
Big Bake,baluwatar,27.7218608,85.3312609
Big Boy Breakfast,dhumbarahi,27.7270192,85.337078
Bigb Real Hamburger,thamel| kathmandu,27.713457,85.3086248
Biko Thakali Restaurant And Bar,airport sinamangal,27.7065196,85.3424809
Biryani Adda & Tandoor,baluwatar,27.7256001,85.3308297
Biryani Adda & Tandoor,kumaripati,27.6703228,85.3202538
Biryani Adda & Tandoor,new baneshwor,27.6984392,85.3585535
Biryani Angan,battisputali,27.7052737,85.3432209
Biryani Junction,new baneshwor,27.7062868,85.3271527
Biryani King,boudha,27.7204172,85.3601164
Bisauni Sekuwa Ghar And Cafe,boudha tinchuli,27.7274527,85.3696523
Bliss Balls,bachapokhari| naxal,27.7140639,85.3271802
Bodhi Books And Bakes,tangal marg,27.7163578,85.3304936
Born And Brta Moead,lazimpat,27.7218954,85.3208249
Bo:Mo Twakka Cha!,kamal pokhari| kathmandu,27.7046879,85.3289996
Bottle House,mid baneshwor,27.6970749,85.3379209
Bowl House,balkumari,27.6800053,85.324736
Bricks Cafe Firewood Pizza,kupondole| lalitpur,27.6855447,85.3176986
Bro Bakery,basundhara,27.7370143,85.3228852
Bro Bakery,sanepa,27.6824764,85.3061801
Bro Bakery,thamel,27.7150511,85.3104011
Bro Bakery,chandol,27.730878,85.3402569
Bro Bakery Labim Mall,patan,27.7004446,85.3232142
Bucket Biryani,buddhanagar,27.687525,85.3267354
Buingal Lounge & Bar,maitidevi| kathmandu,27.7046033,85.3326825
Bun Fun Burger,new baneswor,27.6911054,85.3243693
Bungalow Bar & Kitchen,bhatbhateni,27.7187889,85.3321491
Burger Factory,baluwatar,27.7072017,85.3516601
Burger House & Crunchy Fried Chicken,boudha,27.710658,85.3241613
Burger House And Crunchy Fried Chicken,pepsicola,27.6910082,85.3653895
Burger House And Crunchy Fried Chicken,koteshwor,27.6926911,85.3259775
Burger Shack,jawalakhel| lalitpur,27.6723818,85.3138803
Burger Shack,kamaladi,27.7101603,85.3199674
Busy Bee Cafe,thamel,27.7096804,85.3101695
Cafe And Cucina,pulchowk,27.6783529,85.3131074
Cafe Arica,baluwatar chowk,27.7242227,85.3312971
Cafe By Nepal Coffee Company,durbarg marg,27.7094859,85.3147794
Cafe De Olla,jhamsilkhel,27.6930545,85.314778
Cafe De Patan,patan darbar square| lalitpur,27.673006,85.3240745
Cafe De Tukche,nursery marg| lazimpat,27.7203377,85.3188372
Cafe De Tukche,mahankal,27.7270805,85.3567827
Cafe Deja Vu,narayan chaur,27.7004194,85.3238059
Cafe Imago,nag pokhari road,27.716172,85.3247223
Cafe Jamghat,samakhusi 26| townplanning,27.7333316,85.3171247
Cafe Lava,lazimpat,27.7271661,85.3237966
Cafe Mitra,thamel| kathmandu,27.7127149,85.3113838
Cafe O2 Pizza Place,durbar marg way to yak and yeti hotel,27.7113241,85.3192607
Cafe Soma,baluwatar,27.727644,85.3305889
Cafe Soma,jhamsikhel,27.6824497,85.3103975
Caffeophilia,bhaisepati,27.6541689,85.304243
Caffeophilia Mangalbazar,patan dhoka,27.6721887,85.3255086
Casa Mexicana Gairidhara,gariridhara,27.7190453,85.3291133
Casa Mexicana,jhamsikhel,27.7007204,85.3197298
Chaap Ghar Nepal,bhanimandal,27.670022,85.306746
Cloud Kitchen,chandol,27.7147368,85.3173235
Chatime Nepal,chaksibari marg| thamel,27.7150288,85.3104762
Chatime,jhamsikhel,27.6784141,85.3120635
Chef Kitchen Burger House,chabahil| chucchepati-7,27.7185998,85.349123
Chef Kitchen Shakes & Cold Drinks,chabahil,27.7043735,85.3312534
Chef'S Bakery,mid baneshwor,27.6819299,85.350232
Chef'S Burger,boudha,27.7206348,85.3635278
Chef'S Burger,chabahil,27.7222602,85.3464425
Chef'S Burger,mid baneshwor,27.6977787,85.3380363
Chef'S Burger,thamel,27.713119,85.3133839
Chef'S Burger,samakhusi,27.734897,85.3192934
Cherish Restaurant,bishalnagar,27.7187779,85.3334998
Chhabi Bakes,samakhushi,27.730351,85.3155639
Chhingu Restaurant And Mart,samakhusi,27.7333675,85.3176448
Chick N Falafel,mandala street| thamel| kathmandu,27.7147313,85.3109143
Chicken Hub,manamaiju,27.7437756,85.3118193
Chicken Station,jhamsikhel| lalitpur,27.6762733,85.311996
Chicken Station,jorpati,27.7177944,85.3823648
Chicken Station,kirtipur,27.6742522,85.2795021
Chicken Station,kumaripati,27.6713204,85.3192328
Chicken Station Machhapokhari,machha pokhari | balaju,27.7359812,85.3047184
Chicken Station,narsingh chowk | thamel,27.7144047,85.3115461
Chicken Station :,kuleshwor,27.6935497,85.2986504
Chicken Station,khumaltar,27.6524944,85.3212884
Chicken Station,maitidevi,27.7037467,85.3335077
China Town,lazimpat| kathmandu,27.7090718,85.3150682
Chinese Kitchen,chabahil| kl tower,27.7189397,85.3410465
Chow Bella By Hotel Akama,dhumbarahi,27.733765,85.3445453
Chulha Restaurant(Taste Of Hyderabad Dum Biryani),boudha,27.7202028,85.3612781
Cinnamon Garden Restaurant And Cafe,hattisar,27.7129779,85.3221512
City Chicken,gwarko,27.6658431,85.3312669
City Chicken Dhumbarahi,dhumbarahi. vibor hotel building,27.7001386,85.3142516
City Chicken Kalanki,kalanki near goat market,27.6917725,85.2841344
City Sip,thamel,27.7135019,85.3102233
Cms Cafe,bishalnagar,27.7214257,85.3377197
Coffee Escape,lazimpat,27.7184462,85.3175872
Comic Cafe,basantapur,27.7033581,85.307624
Cooker Cafe,aloknagar| baneshwor,27.6830777,85.3395496
Cooker Coffee,aloknagar| baneshwor,27.6830777,85.3395496
Copacabana Kathmandu,gairidhara,27.7172725,85.3260166
Coriander Hotel Mirage Regency,battisputali| kathmandu,27.7037858,85.341582
Cozy Meal,dillibazar,27.7034826,85.3048462
Crave Bakery,kumaripati,27.6726482,85.3175027
Crazy Dumplings,bakhundol| lalitpur,27.6859776,85.3130432
Crazy Mexican,jawalakhel,27.67383,85.3118648
Crazy Yeti,tushal| boudha,27.7198603,85.3571366
Crunch In,baluwatar,27.7218021,85.3312872
Cruncheese Bites,new baneswor,27.6885212,85.3326262
Curilo,lazimpat opposite to british embassy,27.7199252,85.3175346
Dalle Bhaisepati,bhaisepati inside awash,27.6543787,85.3040196
Dalle,new road,27.7048423,85.3092341
Dalle,sanepa,27.6883781,85.3091708
Dalle Momo,golfutar,27.7513015,85.3456829
Dalle,naxal bhatbhateni,27.7186354,85.3307668
Dalle,jawalakhel,27.6722476,85.3146694
Dalle,kamaladi,27.7101397,85.31997
Dancing Yak Restaurant & Bar,thamel,27.7172246,85.3117331
Darjeeling Ko Swad,kumaripati,27.6713481,85.3192563
Darjeeling Ko Swad,maitidevi,27.703628,85.3338322
Darjeeling Ko Swad Naxal,bishalnagar,27.7191362,85.3336842
Darjeeling Ko Swad,sankhamul,27.687488,85.3265442
Dechenling Garden Restaurant & Bar,keshar mahal| tridevi marg,27.7147224,85.3139532
Deoch An Doris,new plaza| putalisadak,27.7011449,85.3222765
Dhaulagiri Flavours,gongabu,27.7379199,85.3136825
Dhokaima Bistro,dhumbarahi,27.7338951,85.345804
Dhokaima Cafe,patan dhoka| lalitpur,27.6781168,85.3208863
Diamond Restaurant & Banquet,basundhara,27.709701,85.3214779
Dip In Donuts,pimbahal| patan dhoka,27.6762834,85.3207395
Diyalo Foodland,dhapasi| basundhara| kathmandu,27.7420957,85.3149599
Downtown Pizza,sitapaila,27.7082226,85.281937
Downtown Pizza,baneshwor,27.685194,85.3350002
Dragon Express Asian Eatery,hattigauda| budhanilkantha,27.7571907,85.3497509
Dragon Hotpot,bakhundol,27.6853136,85.3129738
Drinks Ra Mart,kuleshwor,27.6890086,85.2954571
Drinks Ra Mart,sankhamul| baneshwor,27.6919835,85.3216978
Drop In Restaurant,bhanimandal| lalitpur,27.6710915,85.3072779
Duetse Kitchen,boudha| fulbari,27.7253408,85.3650727
Dum Biryani And Kabab Paradise,thapagaun,27.6930549,85.3335903
Dumdaar Momo,jhamsikhel,27.6766491,85.3115097
Dumdaar Momo,khichapokhari,27.7021947,85.3106871
Dusit Princess Kathmandu,lazimpat,27.7194282,85.3207462
East West Fast Food & Cafe,gokarneswor,27.7357531,85.3835988
Easy Fruits,kupondole,27.6850152,85.3153362
Eatfit Lunch,new baneshwor,27.6918268,85.340651
Eden,sanepa,27.6818934,85.305756
Electric Pagoda Bar & Cafe,thamel,27.7155787,85.3095675
Elegance Cafe & Restaurant,thamel,27.7173302,85.3095653
Elements Restaurant & Bar,baluwatar,27.7268261,85.3309927
Embassy Restaurant & Bar,pani pokhari| kathmandu,27.7274745,85.324355
Emilio'S Pizza,bansbari,27.7442179,85.3408829
Erma Restaurant By Hotel Shambala,basbari road| maharajgunj,27.7265911,85.3373406
European Bakery,baluwatar| kathmandu,27.7281264,85.334117
Evara Restaurant & Terrace Bar,tangal,27.7102952,85.3075741
Everest Multii Cuisine Restaurant,bhatbhateni| kathmandu,27.7192377,85.3315897
Everfresh By Nomad Hotel,lazimpat,27.7201118,85.320618
Evoke Cafe & Bistro,jhamshikhel lalitpur,27.6762161,85.3107546
Express Masu Chiura,hattisar,27.7124386,85.326454
Express Masu Chiura Boudha,boudhadwar marg,27.6986172,85.3439752
Express Rolls,baneshwor,27.7039761,85.3241479
Express Rolls,kupondole,27.703262,85.3229294
Express Rolls,chandol,27.7142682,85.306815
Express Thakali (Curry By Kilo),tripureshwor,27.696563,85.3125622
Fairfield By Marriot Kathmandu,thamel,27.7154597,85.3143313
Famous Laphing House,gokarneshwor,27.737529,85.3848519
Famous Laphing House,koteshwor,27.6738721,85.3430785
Famous Laphing House,saraswatinagar,27.7102704,85.3492842
Famous Laphing House,sinamangal,27.6980076,85.349237
Famous Laphing House,bagbazar,27.6982026,85.3352414
Fast Food Newari Khaja Ghar,dillibazar,27.7056282,85.3249318
Filli Cafe,boudha,27.7213762,85.3613058
Filli Cafe,labim mall,27.6776307,85.3167249
Filli Cafe,lazimpat,27.7210812,85.3201443
Filli Cafe Thamel,satghumti,27.7149338,85.310438
Fire And Ice Pizzeria Sanepa,sanepa marg| international club surendra bhawan - 40,27.6828125,85.3073125
Fire Pizza,thamel | jp marg,27.713757,85.3113711
Fire Pizza,thamel,27.713757,85.3113711
Flat Iron Grill,thamel| kathmandu,27.7155088,85.3068455
Food Court,city center| kamalpokhari,27.7044769,85.318212
Food Hub By H2O,basantapur,27.7030373,85.307656
Food Hub By H2O,mid baneshwor,27.6989015,85.3383737
Food Lord,chyasa,27.6763446,85.3323938
Food Ventures Restro And Bar,kapan| budhanilkantha,27.734308,85.3615576
Foodhub By H2O,krishna galli| patan,27.6736358,85.3243956
Foodmandu Fresh,sankhamul bridge,27.6986845,85.3185548
Foreign Affairs,hotel ambassador| lazimpat,27.7189328,85.3177287
Fort 270°,thasikhel,27.6636367,85.3149674
Friendship Cafe,basundhara,27.7426884,85.331198
Fuchhey Restaurant,putalisadak,27.7040164,85.3224008
Fuchhey Restaurant,boudha,27.7205419,85.3611974
Fusion Flavours,lazimpat,27.7181977,85.3175011
Fusion Pizzeria,phulbari| boudha,27.7235506,85.3642263
Gangaur,kamaladi,27.7098747,85.3213748
Gangnam Galbi Restaurant,baluwatar| thirbam sadak,27.7218149,85.3310093
Gas O Fast,kamal pokhari,27.6710994,81.9860179
Gazebo Royal Hyderabadi Biryani,jhamsikhel,27.6996597,85.3218041
Gazebo Royal Hyderabadi Biryani,tinkune,27.6997601,85.3274751
Genesis Cafe,panipokhari| kathmandu,27.7287193,85.3256949
Ghangri,jhamsikhel| lalitpur,27.6760377,85.3142305
Ghangri,lazimpat,27.7230452,85.321405
Gimbap Go,pulchowk,27.6940957,85.3098749
Godzilla Sandwich,thamel,27.7133531,85.3102062
Burger House And Crunchy Fried Chicken,gongabu,27.724029,85.3154443
Gourmet Eatery,thamel,27.7147469,85.3126002
Grill Durbar,jawalakhel,27.6718868,85.312878
Grill Durbar| Grill & Garden Restaurant,sorakhutte,27.718506,85.3079681
Grills & More,sanepa,27.69523,85.3195872
H2O Cafe & Pub,basantapur,27.7091811,85.3088223
H2O Cafe Center,chabahil,27.717837,85.3474031
Haadi Bistro & Cafe,boudha,27.7205062,85.3606844
Haadi Bistro & Cafe,jhhochen| basantapur,27.7023979,85.3083635
Haadi Bistro & Cafe,gongabu,27.7181247,85.3114153
Hakkamandu,gongabu,27.6763358,85.3112867
Hakku Multicuisine Dining,chabahil,27.7232486,85.3383665
Hamro Vegan,kupondole,27.6852435,85.3193733
Hana Bites Restaurant,battisputali,27.7055229,85.3421697
Hankook Sarang Korean Restaurant Naxal,tangal,27.7151195,85.3209684
Hankook Sarang Korean Restaurant,thamel | near masala beads,,
Hanok Korean & Nepali House,shanta bhawan| jhamsikhel,27.6804347,85.3061475
Hello Momo,naxal bhatbhateni,27.7180661,85.3181811
Higher Ground Bakery,bhanimandal| ekantakuna 13,27.6702762,85.3087154
Himalayan Bio Kitchen,baluwatar,27.7213654,85.3315514
Himalayan Fusion Restro,samakhusi,27.7348067,85.3181542
Himeberry Strawberry,kalikasthan,27.7027375,85.3261406
Hipat Food Point,subidhanagar| tinkune,27.6818968,85.3417864
Hokkaido House,international club| sanepa| lalitpur,27.6830355,85.3066818
Hokkaido Umami,durbar marg,27.7109249,85.3177255
Holiday Inn Express,naxal,27.7169252,85.3305995
Hong Xiang Hotel & Restaurant,bizuli bazar,27.691335,85.329676
Hot Stick,bouddha,27.7169719,85.3356857
Hotel Himalaya,kupondole,27.6841382,85.3193951
Hotel Imperial Kathmandu,battisputali,27.7065429,85.3426082
Hotel Sunset View,shankhamul road| new baneshwer,27.6854019,85.3344031
Hotel,thamel,27.7155868,85.3119798
Hotel Tradition & Spa,saatghumti| thamel,27.7154748,85.3091604
House 5,jhamsikhel| thado dhunga,27.6780862,85.3080385
House Of Eggs,gahana pokhari,27.7170004,85.3327562
Hungry Heroes,buddha park| soyambhu,27.7166891,85.2841734
Hungry Nawab,battisputali,27.7086153,85.3181169
Hungry Nawab,jhamsikhel,,
Hungry Nawab,baluwatar,,
Hyatt Centric Soalteemode Kathmandu,tahachal| red cross road soalteemode,27.6991539,85.2891693
Hyderabad House,bishalnagar| kathmandu,27.7232703,85.3363707
Hyderabad House,dhobighat,27.67625,85.3084662
Ilive Burger And Barbeque,nakhipot| sumnima marga - 14,27.64401,85.3186387
Indian Tadka,kupondole,27.6888653,85.3128363
Indian Tadka,chandol,27.7336104,85.3413099
Indian Tadka,maitri tole| mid baneshwor,27.7112378,85.3292947
Italian Bakery,chabahil,27.725261,85.3497719
Italian Trattoria,durbarmarg,27.7120893,85.3143313
Izakaya Hokkaido,lazimpat,27.719893,85.3211573
Jade Restaurant And Bar,durbar marg,27.7112686,85.3177837
Janakpur Janki Litti Bhandar,basantapur| freak street,27.7024621,85.3084798
Jasper Restaurant,tridevi marg| thamel,27.7141728,85.3119355
Hankook Sarang Korean Restaurant,jawalakhel,27.6722179,85.3148327
Jazz Upstairs,lazimpat,27.720272,85.3189515
Jhakas Restaurant,hattisar,27.7104572,85.3212611
Jhamel Beats,jhamsikhel,27.6758311,85.3141691
Jholpattey Restaurant,new baneshwor,27.6919908,85.3360839
Juice Mandala,pulchowk,27.6758822,85.3149354
Juice Mandala,maharajgunj| narayan gopal sadak-3,,
Julie'S Cake And Pastries,bagdol| rastrapati marg,27.6865006,85.3168751
Karara Kitchen & Wraps,bhimsengola| old baneshwor,27.6994072,85.3440262
Kathmandu Grill Restaurant And Wine Bar,thamel,27.7162317,85.3098124
Kathmandu Height Boutique Hotel,chabahil,27.7160648,85.3432553
Kathmandu Marriott,naxal kathmandu,27.7128456,85.3245087
Katiya House,dilli bazar| kathmandu,27.7018979,85.325899
Kaveri Spicy Heaven Restaurant & Bar,basundhara,27.7407477,85.3349293
Kenny Rogers Roasters,durbar marg,27.71224,85.3174434
Kfc :,boudha| kathmandu,27.7200378,85.3583808
Kfc :,durbar marg| kathmandu,27.7106675,85.3172779
Kfc :,eyeplex mall,27.6923109,85.3363708
Kfc :,kalanki,27.6900603,85.28467
Kfc :,kathmandu mall| sundhara,27.7004409,85.3130884
Kfc : Labim,labim mall| lalitpur,27.6771764,85.3168714
Kfc :,maharajgunj| kathmandu,27.7394303,85.3396481
Kfc : |,naxal| bhatbhateni,27.7185412,85.3315782
Kfc :,samakhusi | north city mall,27.7353897,85.3179848
Khadadevi Foodland & Banquet,kalanki,27.696877,85.2824392
Khaja Express,kupondole,27.7047274,85.3151278
Khaja Express,chandol,27.7230326,85.3194789
Khaja Expressmid Baneswor,old baneswor,27.6983156,85.3362428
Kharayo Bakes,makhan tole,27.7053724,85.3080152
Khohang Thakali,amrit marga| thamel,27.7168996,85.3130622
Burger House And Crunchy Fried Chicken,khumaltar,27.6489841,85.3202406
Kikuchi Cloud Kitchen,budhanilkantha,27.7309529,85.3300629
Kimchee Restaurant & Bar,boudha| kathmandu,27.7202065,85.3603686
Kings Pizza & Burger Hub,putalisadak,27.7052697,85.3232434
Kiran Dai Ko Mo:Mo,chandol,27.7057415,85.3409829
Kiran Dai Ko Mo:Mo,jhamsikhel,27.7057415,85.3359083
Kiran Dai Ko Mo:Mo,talchikhel| lalitpur,27.6578615,85.3203732
Kiran Dai Ko Momo,boudha,27.7207858,85.3655057
Kkfc,kumaripati,27.6693444,85.3222281
Kkfc,maitidevi,27.7038012,85.3332768
Kkfc,old baneshwor,27.701059,85.3411586
Kkfc,people's plaza,27.7017639,85.3107408
Kod No. 1 Indian Food,chhaya center| thamel,27.714308,85.3137442
Koko Korean Fast Food,kapan,27.7269363,85.3566433
Koko Korean Fast Food Restaurant,golfutar| near basketball court,27.737618,85.3336433
Kora Restaurant,boudha | phulbari,27.7222576,85.3629096
Korean Bbq Restaurant,ekantakuna| kharibot,27.6696338,85.3094971
Kosheli Thakali,shreenagar| sankhamul,27.6829125,85.3387656
Koto Restaurant,boudha| fulbari,27.7222166,85.3627729
Koto Restaurant,durbarmarg,27.7115621,85.3174236
Koto Restaurant,pulchowk| lalitpur,27.6795379,85.3167537
Koyla Restaurant,new road kesha plaza 8th floor,27.7036486,85.3105846
Koyla Tandoori Restaurant,ratopul,27.7080547,85.3398171
Krishna Bakery & Confectionery,kamalpokhari,27.7103117,85.3225497
Krishna Bakery & Confectionery,samakhusi,27.7353295,85.3182554
Krishna Pauroti Bhandar,kamal pokhari,27.710183,85.3225518
Kruathai,naxal| kathmandu,27.7163384,85.3310505
Krystal Food Cafe,shankhamul,27.6826179,85.332907
Ktm Hankook Sarang Korean Restaurant Jp Road,j.p road| thamel,27.7138695,85.3112041
Ktm Hunger Station,sukedhara,27.7325766,85.3464181
Ktm Hunger Station,hattigauda| budhanilkantha,27.757247,85.3495145
Kungfu Noodles,jp marg| thamel,27.7122735,85.3102415
La Pizza Pizza,baluwatar,27.7254048,85.3307772
Laddu Gopal,sorakhutte,27.7040669,85.2964449
Laddu Gopal,kuleshwor,27.6897425,85.2992936
Lals Kitchen,chakupat| lalitpur,27.6925576,85.3154529
Lama Burger,thamel,27.7153523,85.3104495
Lavie Garden,kathmandu| boudha,27.7263941,85.3643663
Lazeez Biryani House And Restaurant,soalteemode,27.697327,85.2926458
Lazeezo Cafe,nakhu,27.6611891,85.3053301
Le Mirch By Exotic,durbar marg,27.7111284,85.3177106
Le Trio,durbar marg| kathmandu,27.6953444,85.3167754
Le Trio,jhamsikhel| lalitpur,27.6772353,85.3136207
Lemon Pepper,krishna galli patan,27.6795885,85.3190926
Level 3,labim mall| pulchowk,27.6772649,85.3169214
Lhakpa'S Chulo,jhamsikhel,27.6754021,85.312615
Lisara Restaurant,naxal| bhagwati mandir,27.7121657,85.3284477
Little Tibet Restaurant,thamel,27.7135087,85.3112361
London Cafe,lainchaur,27.7196274,85.3172942
Lotus Club Restaurant,gongabu,27.7412726,85.3127922
Lotus Time,gongabu,27.7352528,85.3111421
Love Of Burrito,kamaladi,27.708073,85.3186863
Lucknow Biryani Wale,khusibu,27.7150432,85.3038553
Lucknow Zaika & Nawabi Kitchen,soaltee mod| tahachal marg,27.6967689,85.2932405
Lumbini Tandoori,machha pokhari,27.716028,85.3186939
Lunar Restaurant,tokha,27.7248856,85.3366724
M Bistro By Kbc,nag pokhari| naxal,27.7128315,85.3243971
Mad Over Pizza,kupondole| gunsingal marg paschim,27.7067422,85.3255402
Mad Over Pizza,chandol,27.7112323,85.3270927
Mad Over Pizza,maitri tole| mid baneshwor,27.7112323,85.3270927
Madka Biryani,gongabu,27.735132,85.312455
Majestic Lounge Bar & Cafe,gongabu,27.7321122,85.3096141
Mak Mak Restaurant,lazimpat,27.7207093,85.3185965
Mama'S Boi Restaurant & Coffee Shop,new baneshwor,27.6904544,85.3390808
Mama'S Curries,jhamshikel| lalitpur,27.6770696,85.3137334
Mama'S Pizza,jawalakhel,27.6717016,85.3123678
Mamma Mia Stop Restaurant,boudha,27.7184552,85.3601525
Manny'S Eatry And Tapas Bar,jawalakhel| lalitpur,27.6711925,85.3114943
Marco'S Pizza,boudha,27.7215785,85.3629045
Mario'S Pizza,balkumari,27.7011953,85.340823
Masa Wild Himalayan Brew,pani pokhari| lazimpat,27.7173951,85.3238092
Masala Beads Cafe,thamel,27.7129596,85.3128904
Masala Darbar Family & Restaurant,pingalasthan,27.7047993,85.3478919
Matka Biryani,tinkune,27.6831636,85.346484
Matka Biryani House,hadigaun,27.6781596,85.4139559
Matka Biryani,jhamsikhel,27.6765401,85.3110158
Mechung Restaurant,boudha,27.7204527,85.3625226
Meet And Spice,thamel,27.7113108,85.3107217
Mehmaan Pahuna Delicacy Of Indian Cuisine,jhamsikhel,27.6790885,85.3077087
Melung Thakali Kitchen,chabahil,27.7177288,85.3471745
Mesohot,sanepa,27.6825327,85.3060609
Michael Grills,mid baneshwor,27.6987887,85.338612
Mila Restaurant,chhetrapati,27.7134528,85.3159403
Mini Hankook Sarang,pulchowk,27.6796634,85.3189681
Miraz Bakery,jorpati,27.7197741,85.3614965
Mirch By Shafqat Halal Food Restaurant,pulchowk,27.6759552,85.3140615
Momo City By Alobar1000,thamel,27.7185287,85.3310643
Momo Gallery,golfutar,27.7521593,85.346542
Momo King,uttardhoka| lazimpat,27.7069524,85.3343329
Momo King Mangalbazar,mangal bazar,27.7077735,85.323357
Momo Land,dhumbarahi,27.7323294,85.3449515
Momo Mazza,thamel,27.7092753,85.3098058
Momo Wala,new baneswor,27.6992328,85.3251726
Momomia Darjeeling Restaurant,bhanimandal| nakku dobato,27.6689856,85.3080615
Momotarou Restaurant,thamel,27.7160759,85.3117028
Momoyo,basantapur,27.7081347,85.308879
Momoyo,pulchowk,27.69326,85.3130699
Mom'S Kitchen Restaurant,pulchowk,27.6762126,85.3159387
Monster Meal,boudha| town planning,27.7232328,85.3617934
Monster Meal,new road,27.7031497,85.3089634
Monster Meal,thamel,27.7154032,85.309151
Mother'S Kitchen,sifal,27.7120695,85.3412314
Moti Mahal,durbarmarg| kathmandu,27.7119078,85.3174512
Movenpick,central plaza| naxal| ⁠narayanchaur,,
Movenpick,the baha| sanepa,,
Movenpick,⁠the corner| thamel| kathmandu,27.7149347,85.3103801
Mr Rice,samakhusi,27.7363832,85.3191367
M'S Cafe,basundhara,27.7421907,85.3313531
Mtr 1924 Kathmandu,kamaladi,27.7101875,85.3223125
Mughal Empire Multi Cuisine Restaurant,thamel,27.7172213,85.3148858
Mughal Empire Multi Cuisine Restaurant,jhamsikhel,27.6763918,85.3085773
Mughal Empire Multi Cuisine Restaurant,lazimpat| kathmandu,27.7198858,85.3186117
Mughlai Dhawa,baluwatar,27.7149657,85.3148858
Mughlai Dhaba,ganesh temple| dhobighat| lalitpur,27.6946265,85.3155783
Mumbai Street Food,basantapur,27.7028955,85.3077051
Musicology,bhakhundole lalitpur,27.683686,85.312488
Mustang Thakali By State Three,lazimpat chowk,27.7181952,85.3175596
Mv Burger Shop,dhumbarahi,27.7338504,85.3301647
Mv Burger Shop,gongabu,27.7338941,85.3146081
My Thai (Eat Thai Restaurant),pani pokhari| lazimpat,27.7266378,85.3239952
Naan And Biryani House By Bhojan Unlimited,baluwatar,27.7037315,85.334191
Narayan Dai Ko Famous Masangalli Momo,airport,27.7005163,85.3543057
Narayan Dai Ko Famous Masangalli Momo Jhocheen,jhochhen,27.6871769,85.3235284
Narayan Dai Ko Masangalli Ko Famous Momo,mangalbazar,27.6865638,85.3235284
Narayan Dai Ko Masangalli Ko Famous Momo,new baneshwor,27.7061583,85.3301048
Narayan Dai Ko Masangalli Ko Famous Momo,putalisadak,27.7052804,85.322899
Naturalaya Cafe And Restro,kupondole,27.6858643,85.3126382
Nature Club,grande road| kathmandu,27.7297687,85.3335346
Naulo Bubble Tea,jawalakhel,27.6750425,85.3146546
Naulo Indian,old baneswor,27.7118163,85.3174215
Naulo Japanese,jawalakhel,27.6750251,85.3146726
Naulo Pizzeria,jawalakhel,27.6774404,85.3122311
Nepal Dairy :: Nd'S,mahabaudha,27.6839173,85.3436863
Nepal House,baluwatar,27.7173995,85.3263822
Nepal House,hattisar,27.7113854,85.3220322
New Pewa Corndog And Bubble Tea,new baneshwor,27.6879081,85.3359621
New Sip N Skip Lounge And Bar,putalisadak,27.7048844,85.3233657
Newa Lahana,kamaladi,27.7086142,85.3180935
Newari Kitchen,thapathali,27.691652,85.3173285
Nimto Cafe & Restaurant,chabahil plaza,27.717002,85.3470485
Nizam'S House,bhagawati marg | naxal,27.7125679,85.3308625
Nom Nom Katti Roll,mangalbazar,27.6934581,84.8909587
Noodle Shop,sanepa,27.6844672,85.3071303
Nourish By Avata Wellness,gairidhara,27.7233999,85.3288542
Npp Food Service,jhamsikhel,27.675834,85.3141902
Npp Food Services,maharajgunj,27.7406429,85.3373931
Numa'S Cafe,sanepa,27.685495,85.3071639
Nyc Burger & Biryani House,maharajgunj,27.7416562,85.3387847
Nyc Burger & Fried Chicken,samakhusi,27.7198085,85.3190275
Nyc Burger And Grill House,dhumbarahi,27.7322871,85.3444547
Octave Lounge & Bar,durbarmarg| kathmandu,27.7099425,85.3168885
Oho Cake,new baneshwor,27.6941868,85.336935
Olla Porky'S Station,jhamsikhel,27.7243484,85.331169
Om Tandoori Hotel And Restaurant,kalopul,27.712011,85.3370128
Omkara Veg Restaurant And Bar,naxal,27.7184269,85.3334834
Online Mari Pasa Home Based Kitchen,hattiban - mero city apartment,27.6486029,85.3338171
Or2K,thamel| kathmandu,27.7147897,85.3109884
Oregano Restaurant And Bar,anamnagar,27.6947977,85.3277029
Orient Cafe,durbar marg,27.7120991,85.318055
Oriental Kitchen,baluwatar| kathmandu,27.726553,85.3301736
Otafuku Okonomiyaki,kupondole height| lalitpur,27.6861725,85.3133071
Paalcha Newari Kitchen,uttar bagaicha| jawalakhel| lalitpur,27.6719702,85.3150563
Palazzo Plates Restaurant,kalanki,27.6951011,85.2795645
Palu Restaurant,lazimpat,27.7184487,85.3176202
Pan Asian Affair Restro & Bar,kamaladi,27.7098791,85.3189535
Paragon Restaurant,sukedhara,27.7288767,85.3468292
Parautha Galli,kamaladi,27.7078807,85.3199893
Pawan Sweets,battisputali,27.7033313,85.3413873
Pawan Sweets Durbarmarg,teendhara marga,27.7101721,85.3183641
Pemaz Bakery,boudha| nautale,27.7152494,85.3612658
Pen & Rij,machha pokhari,27.7382707,85.307724
Pepe Pizza,anamnagar,27.6928338,85.3284754
Pepe Pizza,balaju,27.726334,85.3021823
Pepe Pizza,boudha,27.7191557,85.3529441
Pepe Pizza,kalanki,27.6900602,85.2846678
Pepe Pizza,maharajgunj,27.7396988,85.3394707
Pepe Pizza,satdobato,27.6570774,85.3224836
Pepe Pizza,tokha,27.7494303,85.3250179
Pepe Pizza,tripureshwor,27.6941452,85.3136897
Peros Pizza By Trisara,thamel,27.7173677,85.3145998
Persia'S Biryani,jorpati| attarkhel| gokarneshwor,27.7330608,85.3808889
Pewa Corn Dog And Bubble Tea,new baneshwor,,
Pewa Laphing And Keema Noodles,mid baneshwor,27.6904664,85.3403085
Pewa Laphing And Keema Noodles,new baneshwor,27.6904664,85.3403085
Pewa Laphing And Keema Noodles,sinamangal,27.6909152,85.3421611
Pewa Laphing And Keema Noodles,tinkune,27.6918875,85.3403085
Pho Viet Restaurant,thamel,27.7016103,85.3344723
Pho99,thadhodhunga| jhamsikhel| lalitpur,27.6779163,85.3073426
Pho99,lazimpat,27.7253044,85.3228559
Piano Piano,lazimpat,27.7201877,85.3205714
Piano Piano South,bakhundole,27.6832903,85.3106628
Pink Putali,new baneshwor,27.6890639,85.3342954
Pizza Connection :,jawalakhel,27.670278,85.3115674
Pizza Express,pepsicola manohara,27.7001797,85.3460357
Pizza Fire,maitidevi,27.7042667,85.332727
Pizza Galaxy,new baneshowr,27.690965,85.3363769
Pizza Hut,bouddha,27.7203935,85.3618117
Pizza Hut,durbar marg,27.7106227,85.3171886
Pizza Hut,eyeplex mall,27.6923037,85.3363681
Pizza Hut Labim Mall,pulchowk,27.6771942,85.3170823
Pizza Hut,city square mall| samakhusi,27.7138765,85.3267783
Pizza Inn,lazimpat,27.7192048,85.3179734
Pizza Planet,mid baneshwor,27.6967361,85.3377536
Pizza Planet,kumaripati,27.6707023,85.3198451
Pizza Planet,boudha| thushal,27.7200436,85.3584256
Pizza Rizz,basantapur,27.7028243,85.3077287
Pizza Shop,gwarko| imadol,27.6691388,85.3321643
Pizza World,baluwatar,27.7311484,85.3296496
Pizza World,boudha| pipalbot,27.7207531,85.3652331
Pizza World,kumaripati,27.6712421,85.3178873
Pizza World Mid Baneshwor,mid-baneshwor,27.6962594,85.3367828
Pizzeria Milano,kumaripati,27.7195199,85.3352761
Pj Pizza,paknajol| thamel,27.714839,85.3085858
Pokhara Pizza House,dhumbarahi,27.7308891,85.3452754
Pokhara Pizza House,kupondole,27.6855288,85.3134077
Pop In Pizza,baluwatar,27.7241418,85.3192633
Pop In Pizza,battisputali,27.7069356,85.324929
Pop In Pizza,jhamsikhel,27.6819339,85.3107973
Porky'S Affairs,tinkune,27.6931398,85.3032801
Potluk House Of Foods,tangal,27.7177811,85.3313157
President Sekuwa,chakrapath,27.7154373,85.3140008
President Sekuwa,kalanki,27.6948525,85.2869172
President Sekuwa,sundhara,27.6994188,85.3120599
Queens,sanepa,27.6829991,85.3066324
Queen'S Spice Lounge,durbar marg,27.712526,85.3175744
Quickbite Korean And More,mangalbazar| lalitpur,27.6737768,85.3241637
Radisson Hotel,lazimpat,27.7199291,85.3212645
Radisson Hotel & Residences Kathmandu,lazimpat,27.7199291,85.3212645
Ram Bhandar,thapathali,27.691613,85.318087
Regal Flavors Restro & Bar,durbarmarg,27.7106341,85.3172851
Revive Leisure Park,mahalaxmisthan,27.6635567,85.31984
Ridi Lounge,jawalakhel,27.6746875,85.3144375
Rihanna Cafe,maharajgunj,27.7384801,85.3403847
Roadhouse Cafe,battisputali,27.7032714,85.3409809
Roadhouse Cafe Bhaisepati,bhaisepati inside awash,27.6544623,85.3046919
Roadhouse Cafe,bhatbhateni| kathmandu,27.7201312,85.331487
Roadhouse Cafe,boudha| kathmandu,27.720891,85.3620276
Roadhouse Cafe Jhamsikhel,jhamshikhel| lalitpur,27.6760492,85.3130018
Roadhouse Cafe,thamel| kathmandu,27.7143996,85.3103329
Roadhouse Pizza,maharajgunj,27.7383845,85.3353097
Roadhouse Pizzeria,labim mall| pulchowk| lalitpur,27.6771855,85.3169181
Rodeo'S Cafe & Bar,kaladhara| thamel,27.7176094,85.3060531
Royal Alina'S Cafe,new baneshwor| kathmandu,27.6885102,85.333214
Royal Tandoori Fast Food,boudha,27.7189782,85.3355079
Rumi'S Bistro,mandikatar,27.7392794,85.3488855
Saanvi Hotel & Restaurant,boudha,27.7183755,85.3673794
Sabarat Agro Farm,chapali| budhanilkantha,27.7545924,85.3627881
Sahara Restaurant And Bar,putalisadak,27.7067752,85.3226487
Sajan Goth,kumaripati,27.7096453,85.3215019
Sajan Goth,tripureshwor| kathmandu,,
Sajan Goth ::,kamaladi| kathmandu,,
Sajan Goth ::,tahachal,27.7012677,85.2984341
Sake And Feng,lazimpat,27.7230201,85.3207819
Sakura Japanese Restaurant,boudha,27.7213628,85.3626038
Salt Restaurant,ekantakuna,27.6700014,85.3090647
Sam'S Cafe,ekantakuna| lalitpur,27.6697713,85.3095854
Sam'S One Tree Cafe,durbarmarg,27.7102986,85.3170511
Sam'S One Tree Cafe,sanepa,27.6967072,85.3118647
Sanchyan Ramen,durbarmarg,27.7122165,85.3175127
Sandwich Hub,jhamsikhel,27.676391,85.311762
Sandwich Point & The Soda Bar,thamel,27.7119398,85.3161081
Sangam Sweets,kamalpokhari| kathmandu,27.7309726,85.3394306
Sansho By Naulo,jawalakhel,27.6750376,85.3146882
Sathi Bhai Biryani,boudha,27.7037092,85.3365674
Sauni'Z Momo,baniyatar,27.745599,85.3168618
See You Chicken Hub,nakhu,27.6634893,85.3066117
Sekuwa By Kilo,jhamsikhel,27.676114,85.3131465
Sekuwa By Kilo,lazimpat,27.7268543,85.3237299
Sekuwa By Kilo,durbarmarg,27.7104711,85.3184858
Sekuwa By Kilo,kalanki,27.6958425,85.2818743
Sekuwa By Kilo,samakhusi,27.7352564,85.3186364
Sekuwa Mandi,manohara riverside,27.685919,85.3327029
Sesame Bakery,bakhundole heights,27.6848372,85.3125354
Shahi Biryani,kapan,27.7361967,85.3549135
Shahi Biryani,pepsicola,27.7027819,85.3375546
Shandar Momo :,durbarmarg,27.7106826,85.3181803
Shawaya Grills By Mughal Empire,lazimpat,27.705251,85.3195274
Shawaya Grills By Mughal Empire,thamel,27.7198858,85.3186117
Shiva Tirupati,kamaladi,27.7070973,85.322432
Shree Nanda Mithai Bhandar,mangalbazar,28.397455,84.1301506
Shristi Newari Kitchen,kupondole,27.6862097,85.3132801
Sicily By T'S,thamel,27.7136021,85.3101836
Simple City Restaurant,kapan| milanchowk,27.7297625,85.3553357
Sinka :,koteshwor,27.7105633,85.3183874
Sizzling By Doko,jhamsikhel,27.6771502,85.31167
Sloppy Chicken,jhamsikhel,27.6785478,85.3053193
Sloppy Chicken,basantapur,27.6904877,85.3200296
Smile Burger Express,pulchowk| lalitpur,27.6811049,85.3148906
Smoking Yak Kathmandu,jp road| chaksibari thamel,27.7138971,85.3103778
Soul Cafe,lazimpat,27.7259142,85.3224185
Soul Cafe,shantinagar| new baneshwor,27.6917364,85.3447883
Spices Pnc,ekantakuna,27.6677778,85.309332
Spicy Dips,durbarmarg,27.710382,85.3184399
Spicy Dips,pulchowk,27.6796826,85.3189685
Sron Restaurant,soyambhu manmohan hospital gate thado varyang,27.7134191,85.289901
Street Bites,anamnagar,27.6926231,85.3282799
Sub Everyday,sher bhawan| thamel,27.7022543,85.3029641
Sub Express,bakhundol,27.6831979,85.3111614
Suma Nepali Kitchen,blue bird complex,27.6914068,85.3167108
Sundown Ktm By Karma,tripureshwor,27.6939567,85.313799
Sunfeast Dark Fantasy,anamnagar,27.7107222,85.3151703
Sunrise Food,kalanki| kathmandu,27.694031,85.2801979
Sunshine Vibes Cafe & Bar,sitapaila,27.7180635,85.2680565
Sushi Timebaneshwor,old baneshwor,27.7010415,85.3415977
Swad Griha,boudha,27.7133662,85.3260352
Swapna Palace,boudha,27.719618,85.3560024
Swastik Sweets And Snacks,new road,27.7053019,85.309259
Syanko Katti Rolls,anamnagar,27.7095804,85.3328842
Syanko Katti Rolls,durbarmarg,27.7108234,85.3183857
Syanko Katti Rolls,kirtipur,27.690197,85.3079879
Syanko Katti Rolls,kuleshwor,27.693135,85.2904297
Syanko Katti Rolls,kumaripati,27.675244,85.3185883
Syanko Katti Rolls,new baneshwor,27.6917122,85.3364409
Syanko Katti Rolls Sankhamul,shankhamul,27.6854962,85.3349733
Syanko Katti Rolls,tinkune,27.6858602,85.3455201
Szechuan Cuisine,jhamsikhel| lamochaur,27.7004637,85.3335507
T3 Thakali,airport,27.7011289,85.3529193
Taas & Sekuwa Mahal,teku| kathmandu,27.6962464,85.3075404
Tahina Terrace,naxal| kathmandu,27.7126824,85.3244698
Tamarind,jhamsikhel| lalitpur,27.6765903,85.3114142
Tandoori Adda,sankhamul| dovanpul,27.6787108,85.3356143
Tandoori Express And Pizza Hub By Rosewood Lounge,samakhusi| rom marg,27.7280567,85.3163818
Tapas Restaurant & Bar,battisputali,27.7091399,85.3290868
Tasneem'S Kings Kitchen,damkal chowk| lalitpur,27.6811875,85.3171875
Taza Restaurant,bakhundol| lalitpur,27.6834048,85.3119382
Taza Treats,lazimpat,27.727689,85.3238926
Terry'S Pub And Bistro,bakhundol,27.6830537,85.3114101
Tha Chhen Restaurant,mid-baneshwor,27.6940265,85.3390523
Thai Ghar,jhamshikhel| lalitpur,27.6767635,85.3117214
Thakali On Wheels,jhamsikhel,27.6840353,85.3089752
Thancos Natural Ice Cream,jawalakhel,27.6765649,85.3110304
Thasang Ghar,jawalakhel,27.6720818,85.3168147
The Address Lounge,kalikasthan,27.7015627,85.3117684
The American Pie Pizzeria,nagpokhari|kathmandu,27.7130109,85.3252194
The Bakery Cafe Baneshwor,new baneshwor,27.6887822,85.3344697
The Bakery Cafe,durbar marg,27.7098379,85.3185783
The Bakery Cafe Jawalakhel,jawalakhel chowk,27.6727286,85.3139008
The Bakery Cafe,pulchowk,27.6763505,85.3148187
The Bar Room,thamel,27.7168611,85.3096111
The Bell Bar & Bistro,jhamsikhel,27.6763433,85.3112932
The Black Gold Halal Restaurant,durbarmarg,27.7122434,85.3180016
The Black Gold,sanepa,27.6828993,85.3071977
The Brooklyn Creamery Nepal,labim mall,27.6773353,85.3168002
The Burger House & Crunchy Fried Chicken,hattiban,27.6467569,85.336962
The Burger House & Crunchy Fried Chicken Jorpati,boudha,27.7215782,85.3694112
The Burger House & Crunchy Fried Chicken Kamalpokhari,kamal pokhari,27.7092915,85.3282614
The Burger House & Crunchy Fried Chicken,lazimpat,27.7237596,85.3216736
The Burger House & Crunchy Fried Chicken,maharajgunj,27.716252,85.3258919
The Burger House & Crunchy Fried Chicken Makalu,kalanki,27.6935815,85.2834427
The Burger House & Crunchy Fried Chicken,maitidevi,27.7064686,85.3258919
The Burger House And Crunchy Fried Chicken Dhapasi,dhapashi height,27.7467664,85.3304763
The Chocolate Garden,rato pul,27.6921101,85.3250617
The Chocolate House,jhamsikhel,27.6759452,85.3136316
The Chubby Buns,labim mall| pulchowk| ground floor,27.6816841,85.3110231
The Chubby Chickenz,kupondole,27.6862515,85.3157111
The Delicious Pizza House Nepal,paknajol| thamel,27.7149737,85.3085845
The Den Restro,lazimpat,27.72058,85.3195848
The Diner,bhaisepati,27.6542865,85.3044209
The Everest Hotel,new baneshwor,27.6890941,85.3338357
The Exotica Restaurant And Lounge,chabahil,27.7142308,85.3519557
The Grill Father,mid baneshwor,27.6994708,85.3380661
The Grill Nation,battispputali,27.7038207,85.3413271
The Hungry Owl,hattisar,27.7102757,85.3211197
The Lucky'S Pizza Village,manbhawan| lalitpur,27.6679657,85.3164111
The Lunch Box,kupondole| lalitpur,27.6845402,85.3173947
The Mantra By Basera Boutique Hotel,babarmahal,27.6936114,85.3262899
The Ministry Bar And Cafe,gairidhara,27.7190317,85.3286053
The Pizza Cutter,naxal,27.7150757,85.3244054
The Red Panda Cafe,tokha,27.5933283,85.1945902
The Rooftop Oasis Restaurant,boudha,27.7188194,85.3608022
The Society Fine Dining,chandol,27.7332611,85.3409474
The Sushi Bar Multifusion Cuisine,chhaya complex thamel,27.7154484,85.3131997
The Trails Cafe,boudha stupa,27.7215156,85.3624419
The Urvins Garden,naxal bhatbhateni,27.7195427,85.3316893
The Village Cafe,jhamsikhel| lalitpur,27.6777661,85.3093847
The Warehouse,pulchowk,27.686239,85.3180443
The Wings Factory,mid baneswor,27.6996574,85.3384498
The Workshop Eatery,bakhundole| lalitpur,27.6831846,85.3114245
The Workshop Eatery,boudha,27.7198241,85.3568608
The Yellow House,sanepa,27.6823689,85.3058992
Third Eye Bakery,tahachal| kathmandu,27.7019031,85.3002981
Third Eye Pizzeria,tahachal,27.702086,85.3003461
Third Eye Restaurant,thamel| kathmandu,27.7144515,85.31008
Three Brothers Fast Food & Restaurant,maharajgunj,27.7201769,85.3309661
Thulo Thakali,thamel,27.7165347,85.3099797
Burger House & Crunchy Fried Chicken,thulobharyang,27.7211935,85.3083738
Tiamo Pizza,pulchowk,27.6771042,85.318933
Tidbits Burgers And Fried Chicken,bakhundole,27.6830654,85.3135586
Tidbits,mandikatar,27.7123051,85.3308769
Timure Momo,maitidevi,27.7031779,85.3322341
Tingba Cloud Kitchen,sukedhara,27.7152954,85.3287425
Tip Top Sweets,kamal pokhari| beside city center,27.7099047,85.3266967
Tip Top Sweets,kuleshwor,27.690948,85.2989643
Tip Top Sweets,lagankhel,27.6691108,85.3223647
Tip Top Sweets,maharajgunj,27.7396609,85.3381521
Tip Top Sweets,new road,27.7247828,85.3242868
Tip Top Sweets,sitapaila,27.7085262,85.2816757
Tnt Cafe And Kitchen,basundhara| side of om complex,27.7199771,85.3163787
Tobeen,jorpati,27.7215571,85.3706812
Pizzeria,tokha,27.7390407,85.3361778
Tokyo Ramen House,jhamsikhel,27.6773426,85.3089724
Top In Town Paan Stall,kamalpokhari,27.709573,85.328116
Traditional Comfort,kamalpokhari,27.7107073,85.3232897
Trattoria Maya Cucina Italiana,thamel,27.7404397,85.3348024
Trisara,durbarmarg,27.7120256,85.3174895
Trisara The Baking Factory Bhaisepati,bhaisipati,27.6544912,85.305899
Trisara The Baking Factory,golfutar,27.7514639,85.3459063
Trisara The Baking Factory,kumaripati,27.6715595,85.3187571
Trisara The Baking Factory,lazimpat,27.7149156,85.3102438
Trisara The Baking Factory,pulchowk,27.6756801,85.3189294
Trisara The Baking Factory,thamel,,
Trisara,lazimpat| kathmandu,27.7197113,85.3191604
Triveni Tandoori Foodland,boudha| thushal,27.7199724,85.3584177
T'S Your Palate,thamel,27.7168131,85.3097368
Tulsi Veg Restro,thamel,27.7150743,85.3125784
Turkish Kebab & Pizza Hub,bhanimandal,27.6814658,85.3230853
Twenty Forty,old baneshwor,27.7013348,85.3398996
Ug Cakes,mid baneswor,27.6943363,85.3407769
Union House,gaushala,27.7015426,85.3361688
Uptown Restaurant,jhamsikhel,27.6756843,85.3130261
Us Pizza,kalimati,27.6986205,85.3187491
Utpala Cafe,boudha,27.7247912,85.3621381
Valley Xpress,balaju,27.7247562,85.3049175
Valley Xpress,chabahil| chabahil| kl tower,27.7184173,85.3498293
Valley Xpress Khadaghari (Pepsicola),kadaghari / near by sun-city apartment| opposite of nabil bank,27.701659,85.3377777
Valley Xpress,pulchowk,27.6785618,85.3145275
Vera Pizza,boudha,27.7242309,85.3622293
Vera Pizza Thamel,mandala street,27.7148651,85.3108583
Vesper Fine Wines,jhamsikhel,27.6761232,85.3134764
Vienna Bakery,jhamsikhel,27.6769263,85.3116645
Villa Everest Korean Restaurant,thamel| kathmandu| kathmandu,27.716838,85.312925
Vino Bistro,lazimpat| kathmandu,27.720369,85.3195499
Vinoliva Restaurant & Bar,lazimpat,27.7179539,85.3211928
Vivanta Kathmandu,jhamsikhel,27.6768913,85.3110428
Vootoo,bhagwanbahal| thamel,27.7391537,85.338972
Votu Coffee Roasters,sankhamul,27.6591984,85.3477644
Walnut Bistro,pani pokhari,27.7306402,85.3272636
Wasabi Sushi,buddhanagar| new baneshwor,27.7010635,85.3318808
Wellness Organic Club,uttardhoka| lazimpat,27.7181013,85.3188711
Western Tandoori & Naan House,thamel,27.7150474,85.312725
Wimpy Restaurant,durbarmarg,27.7114696,85.3173442
Wisdom Foods,naxal,27.7119155,85.3291586
Wishkeys Cellar,lazimpat,27.7180614,85.3191824
Wo Chhen Authentic Newari Kitchen (Bara Ghar),tankeshwor chowk,27.7011368,85.3019084
Wok N Roll,kumaripati,27.6710389,85.317651
Wood Fire House Pizzeria,nepaltar| machha pokhari,27.741778,85.3027085
World Of Burger,kupondole,27.6928518,85.3268797
World Of Burger,chandol,27.6968289,85.3409412
World Of Burgersmid Baneswor,maitri tole| mid baneshwor,27.7127957,85.3396853
World Of Wings,lazimpat,27.7213458,85.3231726
Xi Thang Chinese Cuisine,sanepa,27.6818076,85.3102175
Yakitori Hokkaido,le sherpa| maharajganj,27.7314938,85.327735
Yasumi Japanese Restaurant,durbar marg,27.7121854,85.3175564
Yin Yang Restaurant,thamel| kathmandu,27.7145392,85.310165
Yomari Corner,lazimpat,27.7230473,85.3211299
Yum Cha Signature,dhumbarahi,27.7126557,85.3300108
Yum Cha Sip & Bite Kapan,akasedhara kapan,27.734454,85.3541438
Yum Cha Sip & Bite,sundarbasti,27.7419712,85.3541795
Yum Yum Pizza,new baneswor,27.6928033,85.3365005
Zen Bistro & Cafe,basbari| kathmandu,27.7439093,85.3404724
Zhong Hua,thamel,27.7160229,85.310318
1905 Suites & Restaurant,nagpokhari marga| naxal,27.7145243,85.324938
2020 Multicuisine Restro| Tandoori & Pizza Hub,rom marg| samakhusi,27.7237912,85.3154653
24 Hours Chinese & Japanese Cuisine,thamel,27.7135646,85.3105686
7 Ounces,krishna galli| patan,27.6795891,85.3192432
Aama'S Kitchen,bakhundole,27.7111215,85.3005601
Ambience Lounge & Restro,satdobato| salesberry buliding,27.6578384,85.3257522
Angan Battisputali,battispputali,27.7041056,85.3422042
Annakoot Vegvegan Restaurant,thamel,27.7170998,85.3089306
Ass Burger House And Stick Food Station,new baneshowr,27.6905911,85.3357921
Baan Thai,jawalakhel| lalitpur,27.6699363,85.309079
Baardali Cafe,thamel,27.7148905,85.3100068
Burger Station & Sekuwa Corner,balkumari,27.6719761,85.3406947
Cabana Restaurant & Bar,lazimpat,27.7205487,85.3195558
Cafe Aalaya,subidanagar| tinkune,27.7049259,85.3353581
Cafe Nepali Accent,radha bhawan| tripureshwor,27.693352,85.3122485
Camida Restro & Bar,boudha,27.7193158,85.3610702
Chengfu Hotel And Restaurant,thamel,27.712341,85.3109393
Chinese Food Hub Chinese Kitchen,naxal,27.7054919,85.3465875
Crunchy Bites,kalanki,27.6885066,85.2845334
Davi'S Restaurant,kausaltar,27.6744597,85.3614334
Dragon Chinese Take Out,marcopolo business hotel| kamalpokhari,27.7212522,85.3197483
Elixir Cafe,nayabazar,27.722611,85.3074911
Fire And Ice Pizzeria,thamel| kathmandu,27.7137798,85.3135074
First Potala Restaurant,lazimpat,27.7226152,85.3626232
Flavour Nest,bakhundol| lalitpur,27.6876124,85.3099331
Funky Buns,kupondole,27.6794898,85.3030777
Gimbap Go,thamel,27.7149563,85.3103775
Greasy Grill Restaurant,sifal,27.6843069,85.3058081
H2O Cafe & Pub,thamel,27.7160582,85.3099885
Himalayan Cafe & Restaurant,jamal| kantipath,27.7096616,85.3147872
Hukum Darbar,kamalpokhari,27.7116863,85.3267447
Ibs Family Restaurant & Thakali Khana Dhido Ghar,gwarko,27.6659625,85.3485781
Imago Dei Gallery Cafe,pani pokhari,27.716172,85.3247223
Jalpa,jhamsikhel,27.6816053,85.3107019
Jetha Foods,dhobichaur,27.7121012,85.3070157
Just Rent Lazimpat,new road| maha baudha,27.7029975,85.3121655
Just Rent Patan,kausaltar,27.6837871,85.3121522
Kabsa Arabic Biryani,gwarko,27.670069,85.3331367
Kathway Restaurant,sinamangal,27.7003753,85.3514213
Ktm Hunger Station,new baneshwor,27.7079063,85.3433218
Ktm Local Jhol Momo,baluwatar,27.7277277,85.335276
Kyubis Kitchen,jhamsikhel,27.6785381,85.3113176
La Kham Kitchen,dhapashi,27.7443042,85.3270543
Lama,old baneshwor,27.7152461,85.3394256
Lama Burger,durbarmarg,27.7107735,85.3180096
Lama Burger,kapan,27.7153523,85.3104495
Le Celine Resturant & Bar By Hotel Sherpani,tinchuli| boudha,27.7281146,85.3705475
L'Italiano Restaurant,jhamsikhel,27.6760472,85.3134342
Lucknow Biryani Wale,bagbazar,27.705906,85.316548
Lucknow Biryani Wale,old baneshwor,27.703835,85.316548
Lucknow Biryani Wale,sorhakhutte,27.7129216,85.316548
Malabar Groove,thamel,27.7153015,85.3130578
Mamagoto,lazimpat| kathmandu,27.7267525,85.3237263
Mantra Kitchen,basantapur| new road,27.9497153,84.666438
Mezze By Roadhouse,durbar marg| kathmandu,27.7127895,85.3174056
Mithila Thali,gairidhara| kathmandu,27.7174098,85.3279998
Mittraan Da Dhaba,hariharbhawan| lalitpur,27.6790778,85.3177723
Momo Man,dillibazar,27.7053066,85.3280339
Momo Mania,panipokhari,27.728055,85.324349
Momoway,kamalpokhari,27.7099006,85.3266207
Monster Meal,sitapaila,27.704598,85.2818562
Monster Meal,jhamsikhel,27.6784769,85.3113045
Monster Meal,mid baneshwor,27.6952795,85.337498
Monster Meal,patan,27.6745141,85.3243516
Naulo Bakes,jawalakhel,27.6750356,85.3146907
North Side,jhamsikhel,27.6826745,85.3062416
Nuptse Cafe,sifal| chabahil,27.7180343,85.3488502
Oho Cake,ratopul,27.7071783,85.3356456
Oskar Bar & Grill,pani pokhari,27.7268758,85.3236843
Over Easy,dhapashi,27.7287627,85.3330908
Penthouse Bar And Grill,durbar marg,27.7130409,85.317484
Peri Grill,jawalakhel,27.6718868,85.312878
Pizfire Pizza Cafe,golfutar,27.732079,85.3436176
Pronto Pizza,thamel,28.397455,84.1301506
Raithane Tandoori,maitidevi,27.7029854,85.3363401
Red Mud Coffee,durbarmarg,27.7097055,85.3170436
Red Mud Coffee,jhamsikhel| lalitpur| lalitpur,27.6766545,85.3105728
Red Mud Coffee,thapathali| kathmandu,27.6923411,85.3193687
Red Mud Coffee,new baneshwor| kathmandu,27.688787,85.3341897
Roadhouse Pizza,basantapur,27.7036756,85.3076177
Roomali Ghar,gairidhara,27.7173844,85.3290042
Royal Biryani,basantapur,27.7015747,85.3079648
Sara Bakery,ratopul| lalitpur,27.6825708,85.3244785
Sumeez Kitchen,jawalakhel,27.6942337,85.2899867
Sweet And Spicy,sanogaun| imadol,27.6764378,85.3520628
Sweet Escapes Bakery,sinamangal| kathmandu,27.69938,85.3496161
Syanko Katti Rolls,baluwatar,27.7051988,85.3168396
Syanko Katti Rolls,battisputali,27.7108234,85.324608
Restaurant.Com,thamel,27.7144635,85.3107712
The Burger House & Crunchy Fried Chicken,new baneshwor,27.6918491,85.3364565
The Grill Park,chuchepati,27.719074,85.3347736
The Mari Cafe,putalisadak | new plaza,27.7033013,85.3233925
The Mithila Kitchen,narephant,27.6661243,81.6408177
Triple Tree Garden Bistro,sanepa,27.6877796,85.3063116
Trishna Tandoori Food Cafe,mid-baneshwor,27.6968175,85.3378051
Tuki Restro And Bar,shantinagar,27.6876267,85.3430967
Uncle Roys Fish & Chips And Salads,kupondole,27.6893237,85.3101218
Urban Press / Spice,kupondol,27.685829,85.3130228
Villa 72,uttardhoka| lazimpat,27.7182271,85.3210709
Wok Story,kupondole,27.6888751,85.3128023
Wok Storymid Baneswor,maitri tole| mid baneshwor,27.6968505,85.3409467
Wok Up Thai Inspired Kitchen,jyatha,27.7105004,85.3115838
Zuus X Shakeshaq,jawlakhel,27.6737766,85.310592
